{
  "summary": [
    {
      "machine_id": "LATHE-002",
      "model_type": "dense",
      "accuracy": 0.8775,
      "precision": 0.860041,
      "recall": 0.706667,
      "f1_score": 0.775846,
      "auc_roc": 0.848702,
      "fpr": 0.049286,
      "fnr": 0.293333,
      "threshold": 0.720347,
      "separation_ratio": 292.5439
    },
    {
      "machine_id": "PUMP-001",
      "model_type": "dense",
      "accuracy": 0.85955,
      "precision": 0.851509,
      "recall": 0.644167,
      "f1_score": 0.733466,
      "auc_roc": 0.834718,
      "fpr": 0.048143,
      "fnr": 0.355833,
      "threshold": 0.699411,
      "separation_ratio": 700.0047
    },
    {
      "machine_id": "TEA_0001",
      "model_type": "dense",
      "accuracy": 0.89125,
      "precision": 0.901533,
      "recall": 0.715667,
      "f1_score": 0.797919,
      "auc_roc": 0.84754,
      "fpr": 0.0335,
      "fnr": 0.284333,
      "threshold": 0.285961,
      "separation_ratio": 183.3711
    },
    {
      "machine_id": "TURBINE-003",
      "model_type": "dense",
      "accuracy": 0.8502,
      "precision": 0.840899,
      "recall": 0.6175,
      "f1_score": 0.712089,
      "auc_roc": 0.798022,
      "fpr": 0.050071,
      "fnr": 0.3825,
      "threshold": 0.73,
      "separation_ratio": 9545.364
    }
  ],
  "evaluated_at": "2026-04-12T04:48:37.037946+00:00"
}