{
  "machine_id": "PUMP-001",
  "model_type": "dense",
  "metrics": {
    "precision": 0.851509,
    "recall": 0.644167,
    "f1_score": 0.733466,
    "auc_roc": 0.834718,
    "false_positive_rate": 0.048143,
    "false_negative_rate": 0.355833,
    "accuracy": 0.85955,
    "confusion_matrix": {
      "true_positive": 3865,
      "true_negative": 13326,
      "false_positive": 674,
      "false_negative": 2135
    },
    "per_class_report": {
      "Normal": {
        "precision": 0.8619106138024707,
        "recall": 0.9518571428571428,
        "f1-score": 0.9046536098570992,
        "support": 14000.0
      },
      "Anomaly": {
        "precision": 0.8515091429830359,
        "recall": 0.6441666666666667,
        "f1-score": 0.7334661732612202,
        "support": 6000.0
      },
      "accuracy": 0.85955,
      "macro avg": {
        "precision": 0.8567098783927534,
        "recall": 0.7980119047619048,
        "f1-score": 0.8190598915591597,
        "support": 20000.0
      },
      "weighted avg": {
        "precision": 0.8587901725566403,
        "recall": 0.85955,
        "f1-score": 0.8532973788783355,
        "support": 20000.0
      }
    },
    "total_samples": 20000,
    "total_anomalies": 6000,
    "total_normal": 14000,
    "threshold": 0.699411,
    "threshold_method": "mean + 2\u03c3 (training normal data)",
    "mean_mse_normal": 0.2205,
    "std_mse_normal": 0.240843,
    "mean_mse_fault": 154.351059,
    "std_mse_fault": 374.616211,
    "separation_ratio": 700.0047
  },
  "plots": {
    "roc_curve": "roc_curve_dense.png",
    "mse_distribution": "mse_distribution_dense.png",
    "confusion_matrix": "confusion_matrix_dense.png",
    "threshold_sweep": "threshold_sweep_dense.png"
  },
  "evaluated_at": "2026-04-12T04:48:30.918809+00:00",
  "ground_truth_mapping": {
    "normal": 0,
    "machine_fault": 1,
    "sensor_freeze": 1,
    "sensor_drift": 1,
    "idle": 1
  }
}