{
  "machine_id": "TEA_0001",
  "model_type": "dense",
  "metrics": {
    "precision": 0.901533,
    "recall": 0.715667,
    "f1_score": 0.797919,
    "auc_roc": 0.84754,
    "false_positive_rate": 0.0335,
    "false_negative_rate": 0.284333,
    "accuracy": 0.89125,
    "confusion_matrix": {
      "true_positive": 4294,
      "true_negative": 13531,
      "false_positive": 469,
      "false_negative": 1706
    },
    "per_class_report": {
      "Normal": {
        "precision": 0.888035702566122,
        "recall": 0.9665,
        "f1-score": 0.9256079625132537,
        "support": 14000.0
      },
      "Anomaly": {
        "precision": 0.9015326474910771,
        "recall": 0.7156666666666667,
        "f1-score": 0.7979187958747561,
        "support": 6000.0
      },
      "accuracy": 0.89125,
      "macro avg": {
        "precision": 0.8947841750285995,
        "recall": 0.8410833333333334,
        "f1-score": 0.8617633791940049,
        "support": 20000.0
      },
      "weighted avg": {
        "precision": 0.8920847860436086,
        "recall": 0.89125,
        "f1-score": 0.8873012125217045,
        "support": 20000.0
      }
    },
    "total_samples": 20000,
    "total_anomalies": 6000,
    "total_normal": 14000,
    "threshold": 0.285961,
    "threshold_method": "mean + 2\u03c3 (training normal data)",
    "mean_mse_normal": 0.068536,
    "std_mse_normal": 0.107767,
    "mean_mse_fault": 12.567517,
    "std_mse_fault": 28.536757,
    "separation_ratio": 183.3711
  },
  "plots": {
    "roc_curve": "roc_curve_dense.png",
    "mse_distribution": "mse_distribution_dense.png",
    "confusion_matrix": "confusion_matrix_dense.png",
    "threshold_sweep": "threshold_sweep_dense.png"
  },
  "evaluated_at": "2026-04-12T04:48:34.032821+00:00",
  "ground_truth_mapping": {
    "normal": 0,
    "machine_fault": 1,
    "sensor_freeze": 1,
    "sensor_drift": 1,
    "idle": 1
  }
}