{
  "machine_id": "TURBINE-003",
  "model_type": "dense",
  "metrics": {
    "precision": 0.840899,
    "recall": 0.6175,
    "f1_score": 0.712089,
    "auc_roc": 0.798022,
    "false_positive_rate": 0.050071,
    "false_negative_rate": 0.3825,
    "accuracy": 0.8502,
    "confusion_matrix": {
      "true_positive": 3705,
      "true_negative": 13299,
      "false_positive": 701,
      "false_negative": 2295
    },
    "per_class_report": {
      "Normal": {
        "precision": 0.8528280107733743,
        "recall": 0.9499285714285715,
        "f1-score": 0.8987632628235454,
        "support": 14000.0
      },
      "Anomaly": {
        "precision": 0.8408987743985474,
        "recall": 0.6175,
        "f1-score": 0.7120891793196233,
        "support": 6000.0
      },
      "accuracy": 0.8502,
      "macro avg": {
        "precision": 0.8468633925859609,
        "recall": 0.7837142857142858,
        "f1-score": 0.8054262210715843,
        "support": 20000.0
      },
      "weighted avg": {
        "precision": 0.8492492398609262,
        "recall": 0.8502,
        "f1-score": 0.8427610377723688,
        "support": 20000.0
      }
    },
    "total_samples": 20000,
    "total_anomalies": 6000,
    "total_normal": 14000,
    "threshold": 0.73,
    "threshold_method": "mean + 2\u03c3 (training normal data)",
    "mean_mse_normal": 0.233565,
    "std_mse_normal": 0.249933,
    "mean_mse_fault": 2229.458984,
    "std_mse_fault": 5143.278809,
    "separation_ratio": 9545.364
  },
  "plots": {
    "roc_curve": "roc_curve_dense.png",
    "mse_distribution": "mse_distribution_dense.png",
    "confusion_matrix": "confusion_matrix_dense.png",
    "threshold_sweep": "threshold_sweep_dense.png"
  },
  "evaluated_at": "2026-04-12T04:48:37.036402+00:00",
  "ground_truth_mapping": {
    "normal": 0,
    "machine_fault": 1,
    "sensor_freeze": 1,
    "sensor_drift": 1,
    "idle": 1
  }
}