{
  "dense": 0.8352147340774536,
  "PUMP-001_dense": 0.6837072968482971,
  "LATHE-002_dense": 0.6920704245567322,
  "TURBINE-003_dense": 0.6256557703018188
}