{
  "dense": 0.8352147340774536,
  "PUMP-001_dense": 0.6994112730026245,
  "LATHE-002_dense": 0.7203473448753357,
  "TURBINE-003_dense": 0.7300003170967102
}